{"cameraMode":{"drawMode":0,"name":"Shaded","section":"Shading Mode"},"sceneLighting":true,"audioPlay":false,"sceneViewState":{"showFog":true,"showMaterialUpdate":false,"showSkybox":true,"showFlares":true,"showImageEffects":true,"showParticleSystems":true},"in2DMode":false,"pivot":{"x":-1.057673454284668,"y":6.2359938621521,"z":-8.964542388916016},"rotation":{"x":-0.2466808557510376,"y":0.17534798383712769,"z":-0.04540763422846794,"w":-0.9521401524543762},"size":7.737563133239746,"orthographic":false}