{"cameraMode":{"drawMode":0,"name":"Shaded","section":"Shading Mode"},"sceneLighting":true,"audioPlay":false,"sceneViewState":{"showFog":true,"showMaterialUpdate":false,"showSkybox":true,"showFlares":true,"showImageEffects":true,"showParticleSystems":true},"in2DMode":false,"pivot":{"x":11.168601989746094,"y":14.858770370483399,"z":-5.732321739196777},"rotation":{"x":-0.0038532679900527,"y":0.516701877117157,"z":0.0023245124612003566,"w":0.8561539053916931},"size":18.315467834472658,"orthographic":false}