{"cameraMode":{"drawMode":0,"name":"Shaded","section":"Shading Mode"},"sceneLighting":true,"audioPlay":false,"sceneViewState":{"showFog":true,"showMaterialUpdate":false,"showSkybox":true,"showFlares":true,"showImageEffects":true,"showParticleSystems":true},"in2DMode":false,"pivot":{"x":-1.018773078918457,"y":3.0806703567504885,"z":3.4976539611816408},"rotation":{"x":-0.36152803897857668,"y":0.18751755356788636,"z":-0.07442421466112137,"w":-0.9104039072990418},"size":22.0,"orthographic":false}