{"cameraMode":{"drawMode":0,"name":"Shaded","section":"Shading Mode"},"sceneLighting":true,"audioPlay":false,"sceneViewState":{"showFog":true,"showMaterialUpdate":false,"showSkybox":true,"showFlares":true,"showImageEffects":true,"showParticleSystems":true},"in2DMode":false,"pivot":{"x":-3.2512435913085939,"y":-324.56060791015627,"z":-352.89312744140627},"rotation":{"x":-0.005450088530778885,"y":0.9286413192749023,"z":-0.3707062602043152,"w":-0.013650830835103989},"size":502.6758728027344,"orthographic":false}