{"cameraMode":{"drawMode":0,"name":"Shaded","section":"Shading Mode"},"sceneLighting":true,"audioPlay":false,"sceneViewState":{"showFog":true,"showMaterialUpdate":false,"showSkybox":true,"showFlares":true,"showImageEffects":true,"showParticleSystems":true},"in2DMode":false,"pivot":{"x":90.8469009399414,"y":209.12400817871095,"z":96.32202911376953},"rotation":{"x":-0.009310181252658368,"y":-0.0024037850089371206,"z":0.00001621325282030739,"w":-0.9999720454216003},"size":280.64752197265627,"orthographic":false}