{"cameraMode":{"drawMode":0,"name":"Shaded","section":"Shading Mode"},"sceneLighting":true,"audioPlay":false,"sceneViewState":{"showFog":true,"showMaterialUpdate":false,"showSkybox":true,"showFlares":true,"showImageEffects":true,"showParticleSystems":true},"in2DMode":false,"pivot":{"x":15.740535736083985,"y":210.65089416503907,"z":-12.8017578125},"rotation":{"x":0.1359754204750061,"y":-0.03862851858139038,"z":0.0053072404116392139,"w":0.9899628162384033},"size":405.6552429199219,"orthographic":false}