{"cameraMode":{"drawMode":0,"name":"Shaded","section":"Shading Mode"},"sceneLighting":true,"audioPlay":false,"sceneViewState":{"showFog":true,"showMaterialUpdate":false,"showSkybox":true,"showFlares":true,"showImageEffects":true,"showParticleSystems":true},"in2DMode":false,"pivot":{"x":-4.386610507965088,"y":5.150188446044922,"z":2.1527328491210939},"rotation":{"x":-0.26543858647346499,"y":0.03238286077976227,"z":-0.008925562724471093,"w":-0.9635587334632874},"size":21.268795013427736,"orthographic":false}